{
  "AL": {
    "stateName": "ALABAMA",
    "sexTraffickingCrimesReported": 0.679155024,
    "forcedLaborCrimesReported": 0.267545919,
    "totalCrimes": 0.946700943,
    "femalesLabor": 0.185224097,
    "malesLabor": 0.102902276,
    "otherLabor": 0.226385008,
    "femalesSex": 0.617413658,
    "malesSex": 0.041160911,
    "otherSex": 0.329287284,
    "color": "#626262"
  },
  "AK": {
    "stateName": "ALASKA",
    "sexTraffickingCrimesReported": 0.947954585,
    "forcedLaborCrimesReported": 0.135422084,
    "totalCrimes": 1.083376668,
    "femalesLabor": 0.270844167,
    "malesLabor": 0,
    "otherLabor": 0,
    "femalesSex": 0.947954585,
    "malesSex": 0,
    "otherSex": 0,
    "color": "#626263"
  },
  "AZ": {
    "stateName": "ARIZONA",
    "sexTraffickingCrimesReported": 1.405962011,
    "forcedLaborCrimesReported": 0.175745251,
    "totalCrimes": 1.698870764,
    "femalesLabor": 0.073227188,
    "malesLabor": 0.117163501,
    "otherLabor": 0.161099814,
    "femalesSex": 1.200925885,
    "malesSex": 0.175745251,
    "otherSex": 0.029290875,
    "color": "#626264"
  },
  "AR": {
    "stateName": "ARKANSAS",
    "sexTraffickingCrimesReported": 0.973741221,
    "forcedLaborCrimesReported": 0.201463701,
    "totalCrimes": 1.208782206,
    "femalesLabor": 0.134309134,
    "malesLabor": 0.067154567,
    "otherLabor": 0,
    "femalesSex": 0.940163938,
    "malesSex": 0.067154567,
    "otherSex": 0,
    "color": "#626265"
  },
  "CA": {
    "stateName": "CALIFORNIA",
    "sexTraffickingCrimesReported": 1.995155527,
    "forcedLaborCrimesReported": 0.275898588,
    "totalCrimes": 2.500969605,
    "femalesLabor": 0.201814708,
    "malesLabor": 0.099630046,
    "otherLabor": 0,
    "femalesSex": 1.862315467,
    "malesSex": 0.079193113,
    "otherSex": 0.028100782,
    "color": "#626266"
  },
  "CO": {
    "stateName": "COLORADO",
    "sexTraffickingCrimesReported": 0.87967285,
    "forcedLaborCrimesReported": 0.403183389,
    "totalCrimes": 1.411141863,
    "femalesLabor": 0.183265177,
    "malesLabor": 0.219918212,
    "otherLabor": 0,
    "femalesSex": 0.806366779,
    "malesSex": 0.073306071,
    "otherSex": 0,
    "color": "#626267"
  },
  "CT": {
    "stateName": "CONNECTICUT",
    "sexTraffickingCrimesReported": 0.83544841,
    "forcedLaborCrimesReported": 0.167089682,
    "totalCrimes": 1.086082933,
    "femalesLabor": 0.111393121,
    "malesLabor": 0.083544841,
    "otherLabor": 0,
    "femalesSex": 0.751903569,
    "malesSex": 0,
    "otherSex": 0.055696561,
    "color": "#626268"
  },
  "DE": {
    "stateName": "DELAWARE",
    "sexTraffickingCrimesReported": 0.317146862,
    "forcedLaborCrimesReported": 0.211431242,
    "totalCrimes": 0.528578104,
    "femalesLabor": 0.211431242,
    "malesLabor": 0,
    "otherLabor": 0,
    "femalesSex": 0.317146862,
    "malesSex": 0,
    "otherSex": 0,
    "color": "#626269"
  },
  "FL": {
    "stateName": "FLORIDA",
    "sexTraffickingCrimesReported": 1.489793043,
    "forcedLaborCrimesReported": 0.335450089,
    "totalCrimes": 2.007767445,
    "femalesLabor": 0.182524313,
    "malesLabor": 0.197323582,
    "otherLabor": 0,
    "femalesSex": 1.391131252,
    "malesSex": 0.044397806,
    "otherSex": 0.014799269,
    "color": "#626270"
  },
  "GA": {
    "stateName": "GEORGIA",
    "sexTraffickingCrimesReported": 1.478238566,
    "forcedLaborCrimesReported": 0.254531144,
    "totalCrimes": 1.869824941,
    "femalesLabor": 0.088106934,
    "malesLabor": 0.186003528,
    "otherLabor": 0,
    "femalesSex": 1.409710951,
    "malesSex": 0.029368978,
    "otherSex": 0,
    "color": "#626271"
  },
  "HI": {
    "stateName": "HAWAII",
    "sexTraffickingCrimesReported": 1.466887119,
    "forcedLaborCrimesReported": 0.139703535,
    "totalCrimes": 1.885997724,
    "femalesLabor": 0,
    "malesLabor": 0.139703535,
    "otherLabor": 0,
    "femalesSex": 1.466887119,
    "malesSex": 0,
    "otherSex": 0,
    "color": "#626272"
  },
  "ID": {
    "stateName": "IDAHO",
    "sexTraffickingCrimesReported": 0.362553099,
    "forcedLaborCrimesReported": 0,
    "totalCrimes": 0.362553099,
    "femalesLabor": 0,
    "malesLabor": 0,
    "otherLabor": 0,
    "femalesSex": 0.302127582,
    "malesSex": 0.120851033,
    "otherSex": 0,
    "color": "#626273"
  },
  "IL": {
    "stateName": "ILLINOIS",
    "sexTraffickingCrimesReported": 0.715396857,
    "forcedLaborCrimesReported": 0.19440132,
    "totalCrimes": 0.94867844,
    "femalesLabor": 0.093312633,
    "malesLabor": 0.093312633,
    "otherLabor": 0.015552106,
    "femalesSex": 0.653188434,
    "malesSex": 0.023328158,
    "otherSex": 0,
    "color": "#626274"
  },
  "IN": {
    "stateName": "INDIANA",
    "sexTraffickingCrimesReported": 0.483407053,
    "forcedLaborCrimesReported": 0.196384115,
    "totalCrimes": 0.800642931,
    "femalesLabor": 0.105745293,
    "malesLabor": 0.090638822,
    "otherLabor": 0.151064704,
    "femalesSex": 0.468300583,
    "malesSex": 0,
    "otherSex": 0.241703526,
    "color": "#626275"
  },
  "IA": {
    "stateName": "IOWA",
    "sexTraffickingCrimesReported": 0.832293234,
    "forcedLaborCrimesReported": 0.096033835,
    "totalCrimes": 1.152406016,
    "femalesLabor": 0.064022556,
    "malesLabor": 0.064022556,
    "otherLabor": 0,
    "femalesSex": 0.736259399,
    "malesSex": 0.096033835,
    "otherSex": 0,
    "color": "#626276"
  },
  "KS": {
    "stateName": "KANSAS",
    "sexTraffickingCrimesReported": 1.064691698,
    "forcedLaborCrimesReported": 0.206069361,
    "totalCrimes": 1.47683042,
    "femalesLabor": 0.068689787,
    "malesLabor": 0.10303468,
    "otherLabor": 0,
    "femalesSex": 0.961657017,
    "malesSex": 0.068689787,
    "otherSex": 0,
    "color": "#626277"
  },
  "KY": {
    "stateName": "KENTUCKY",
    "sexTraffickingCrimesReported": 1.01692801,
    "forcedLaborCrimesReported": 0.203385602,
    "totalCrimes": 1.423699213,
    "femalesLabor": 0.112992001,
    "malesLabor": 0.112992001,
    "otherLabor": 0,
    "femalesSex": 0.926534409,
    "malesSex": 0.067795201,
    "otherSex": 0.0451968,
    "color": "#626278"
  },
  "LA": {
    "stateName": "LOUISIANA",
    "sexTraffickingCrimesReported": 1.220367549,
    "forcedLaborCrimesReported": 0.192689613,
    "totalCrimes": 1.605746775,
    "femalesLabor": 0.042819914,
    "malesLabor": 0.171279656,
    "otherLabor": 0,
    "femalesSex": 1.091907807,
    "malesSex": 0.042819914,
    "otherSex": 0.042819914,
    "color": "#626279"
  },
  "ME": {
    "stateName": "MAINE",
    "sexTraffickingCrimesReported": 0.526581852,
    "forcedLaborCrimesReported": 0.150451958,
    "totalCrimes": 0.752259788,
    "femalesLabor": 0.150451958,
    "malesLabor": 0,
    "otherLabor": 0,
    "femalesSex": 0.451355873,
    "malesSex": 0,
    "otherSex": 0,
    "color": "#626280"
  },
  "MD": {
    "stateName": "MARYLAND",
    "sexTraffickingCrimesReported": 1.548348171,
    "forcedLaborCrimesReported": 0.283031386,
    "totalCrimes": 1.964570797,
    "femalesLabor": 0.183137956,
    "malesLabor": 0.083244525,
    "otherLabor": 0,
    "femalesSex": 1.44845474,
    "malesSex": 0.03329781,
    "otherSex": 0,
    "color": "#626281"
  },
  "MA": {
    "stateName": "MASSACHUSETTS",
    "sexTraffickingCrimesReported": 0.750615726,
    "forcedLaborCrimesReported": 0.058871822,
    "totalCrimes": 0.912513235,
    "femalesLabor": 0.044153866,
    "malesLabor": 0.029435911,
    "otherLabor": 0,
    "femalesSex": 0.662307993,
    "malesSex": 0.073589777,
    "otherSex": 0,
    "color": "#626282"
  },
  "MI": {
    "stateName": "MICHIGAN",
    "sexTraffickingCrimesReported": 1.229519431,
    "forcedLaborCrimesReported": 0.181404506,
    "totalCrimes": 1.531860275,
    "femalesLabor": 0.090702253,
    "malesLabor": 0.100780281,
    "otherLabor": 0,
    "femalesSex": 1.078349009,
    "malesSex": 0.060468169,
    "otherSex": 0,
    "color": "#626283"
  },
  "MN": {
    "stateName": "MINNESOTA",
    "sexTraffickingCrimesReported": 0.491839652,
    "forcedLaborCrimesReported": 0.145730267,